{
  "loginDetails": [
    {
      "id": 1,
      "firstName": "Prerana",
      "lastName": "Rawat",
      "email": "rprerana2010@gmail.com",
      "isAdmin": true
    },
    {
      "id": 2,
      "firstName": "Yaman",
      "lastName": "Sharma",
      "email": "sharmayaman1996@gmail.com",
      "isAdmin": true
    },
    {
      "id": 3,
      "firstName": "Deepika",
      "lastName": "Priya",
      "email": "deepikapriya75@gmail.com",
      "isAdmin": false
    },
    {
      "id": 4,
      "firstName": "Smily",
      "lastName": "Suchitra",
      "email": "suchitra.isbest@gmail.com",
      "isAdmin": false
    }
  ],
  "PassengerDetails": [
    {
      "id": 1,
      "first_name": "Yamannnn",
      "last_name": "Sharma",
      "date_of_birth": "3-Aug-1967",
      "address": "qwertyu",
      "gender": "Male",
      "email_id": "bill@microsoft.com",
      "mobile_no": 9898767854,
      "country": "USA",
      "date_of_travel": "25-12-2020",
      "seat_no": "",
      "travel_document": "Aadhar",
      "seatType": "normal",
      "status": "",
      "flightNo": "100",
      "airline": "G9",
      "special_services": "delicateItem",
      "document_Number": "1234567890",
      "checkedIn": true,
      "wheelChair": "",
      "infant": "",
      "adderss": "qwertyu",
      "special_meals": "vegBurger"
    },
    {
      "id": 2,
      "first_name": "marks",
      "last_name": "georg",
      "date_of_birth": "20-May-1984",
      "gender": "Male",
      "email_id": "mark@facebook.com",
      "mobile_no": 8768978654,
      "country": "Australia",
      "date_of_travel": "12-11-2019",
      "seat_no": "1A",
      "travel_document": "passport",
      "wheelChair": "Yes",
      "seatType": "normal",
      "flightNo": "103",
      "checkedIn": true,
      "special_services": "Wheelchair",
      "status": "AC"
    },
    {
      "id": 3,
      "first_name": "marks",
      "last_name": "georg",
      "date_of_birth": "20-May-1984",
      "gender": "Male",
      "email_id": "mark@facebook.com",
      "mobile_no": 8768978654,
      "country": "Australia",
      "date_of_travel": "12-11-2019",
      "seat_no": "",
      "travel_document": "passport",
      "wheelChair": "No",
      "seatType": "normal",
      "flightNo": "103",
      "checkedIn": true,
      "special_services": "Cold Coffee",
      "status": "AC"
    },
    {
      "id": 4,
      "first_name": "ronald",
      "last_name": "georg",
      "date_of_birth": "20-May-1984",
      "gender": "Male",
      "email_id": "mark@facebook.com",
      "mobile_no": 8768978654,
      "country": "Australia",
      "date_of_travel": "12-11-2019",
      "seat_no": "",
      "travel_document": "passport",
      "wheelChair": "No",
      "seatType": "infant",
      "flightNo": "103",
      "checkedIn": true,
      "special_services": "wheelchair",
      "document_Number": 444343216386782,
      "status": "AC",
      "infant": "Yes"
    },
    {
      "id": 5,
      "last_name": "Bhargavi",
      "date_of_birth": "20-May-1984",
      "gender": "Male",
      "email_id": "mark@facebook.com",
      "mobile_no": 8768978654,
      "country": "Australia",
      "date_of_travel": "12-11-2019",
      "seat_no": "1C",
      "travel_document": "Passport",
      "wheelChair": "Yes",
      "seatType": "normal",
      "flightNo": "100",
      "checkedIn": true,
      "special_services": "extraSeat",
      "status": "AC",
      "first_name": "Koye ",
      "address": "RR Nagar",
      "document_Number": "123459876575"
    },
    {
      "id": 6,
      "first_name": "maneesh",
      "last_name": "sharma",
      "date_of_birth": "20-May-1984",
      "gender": "Male",
      "email_id": "mark@facebook.com",
      "mobile_no": 8768978654,
      "country": "Australia",
      "date_of_travel": "12-11-2019",
      "seat_no": "NA",
      "travel_document": "aadhar",
      "wheelChair": "Yes",
      "seatType": "NA",
      "flightNo": "103",
      "checkedIn": false,
      "special_services": "wheelchair",
      "status": "NC"
    },
    {
      "id": 7,
      "first_name": "mukesh",
      "last_name": "rajaji",
      "date_of_birth": "20-May-1984",
      "gender": "Male",
      "email_id": "mark@facebook.com",
      "mobile_no": 8768978654,
      "country": "Australia",
      "date_of_travel": "12-11-2019",
      "seat_no": "3A",
      "travel_document": "passport",
      "wheelChair": "No",
      "seatType": "normal",
      "flightNo": "101",
      "checkedIn": true,
      "special_services": "wheelchair",
      "status": "NC",
      "infant": "Yes"
    },
    {
      "first_name": "deepika",
      "last_name": "priya",
      "date_of_birth": "1998-04-25",
      "gender": "female",
      "email_id": "sfdvs@sdf.com",
      "mobile_no": "2134567890",
      "country": "india",
      "date_of_travel": "2019-12-28",
      "seat_no": "9d",
      "travel_document": "aadhar",
      "wheelChair": "NC",
      "infant": "NC",
      "special_services": "Non-veg Meals",
      "status": "CI",
      "id": 8
    },
    {
      "id": 9,
      "first_name": "Rishabh",
      "last_name": "Goel",
      "date_of_birth": "3-Aug-1967",
      "address": "wertoty",
      "gender": "Male",
      "email_id": "bill@microsoft.com",
      "mobile_no": 9898767854,
      "country": "USA",
      "date_of_travel": "20-12-2019",
      "seat_no": "",
      "travel_document": "Passport",
      "seatType": "normal",
      "status": "AC",
      "flightNo": "100",
      "airline": "G9",
      "special_services": "Extra Seat",
      "checkedIn": true,
      "document_Number": "3879746",
      "wheelChair": "Yes"
    },
    {
      "id": 10,
      "first_name": "kishore",
      "last_name": "Gates",
      "date_of_birth": "3-Aug-1967",
      "address": "hvshveicnelsnc-22/2/45",
      "gender": "Male",
      "email_id": "bill@microsoft.com",
      "mobile_no": 9898767854,
      "country": "USA",
      "date_of_travel": "20-12-2019",
      "seat_no": "",
      "travel_document": "passport",
      "seatType": "normal",
      "status": "AC",
      "flightNo": "100",
      "airline": "G9",
      "special_services": "Extra Seat",
      "checkedIn": true,
      "wheelChair": "Yes"
    },
    {
      "id": 11,
      "first_name": "kamlesh",
      "last_name": "Gates",
      "date_of_birth": "3-Aug-1967",
      "address": "hvshveicnelsnc-22/2/45",
      "gender": "Male",
      "email_id": "bill@microsoft.com",
      "mobile_no": 9898767854,
      "country": "USA",
      "date_of_travel": "20-12-2019",
      "seat_no": "",
      "travel_document": "passport",
      "seatType": "normal",
      "status": "NC",
      "flightNo": "100",
      "airline": "G9",
      "special_services": "No SpecialService",
      "checkedIn": true,
      "special_meals": ""
    },
    {
      "id": 12,
      "first_name": "rajeev",
      "last_name": "kanakala",
      "date_of_birth": "3-Aug-1967",
      "address": "hvshveicnelsnc-22/2/45",
      "gender": "Male",
      "email_id": "bill@microsoft.com",
      "mobile_no": 9898767854,
      "country": "USA",
      "date_of_travel": "20-12-2019",
      "seat_no": "2A",
      "travel_document": "passport",
      "seatType": "normal",
      "status": "NC",
      "flightNo": "100",
      "airline": "G9",
      "special_services": "Window Seat",
      "checkedIn": true,
      "special_meals": "noodles"
    },
    {
      "id": 13,
      "first_name": "ramoji",
      "last_name": "rao",
      "date_of_birth": "3-Aug-1967",
      "address": "hvshveicnelsnc-22/2/45",
      "gender": "Male",
      "email_id": "bill@microsoft.com",
      "mobile_no": 9898767854,
      "country": "USA",
      "date_of_travel": "20-12-2019",
      "seat_no": "",
      "travel_document": "passport",
      "seatType": "normal",
      "status": "NC",
      "flightNo": "100",
      "airline": "G9",
      "special_services": "Medical Facility",
      "checkedIn": true
    },
    {
      "id": 14,
      "first_name": "perumal",
      "last_name": "ananth",
      "date_of_birth": "3-Aug-1967",
      "address": "hvshveicnelsnc-22/2/45",
      "gender": "Male",
      "email_id": "bill@microsoft.com",
      "mobile_no": 9898767854,
      "country": "USA",
      "date_of_travel": "20-12-2019",
      "seat_no": "NA",
      "travel_document": "passport",
      "seatType": "NA",
      "status": "NC",
      "flightNo": "100",
      "airline": "G9",
      "special_services": "No SpecialService",
      "checkedIn": false
    },
    {
      "id": 15,
      "first_name": "abishek",
      "last_name": "George",
      "date_of_birth": "3-Aug-1967",
      "address": "hvshveicnelsnc-22/2/45",
      "gender": "Male",
      "email_id": "bill@microsoft.com",
      "mobile_no": 9898767854,
      "country": "USA",
      "date_of_travel": "20-12-2019",
      "seat_no": "NA",
      "travel_document": "passport",
      "seatType": "NA",
      "status": "NC",
      "flightNo": "100",
      "airline": "G9",
      "special_services": "No SpecialService",
      "checkedIn": false
    },
    {
      "id": 16,
      "first_name": "Anand",
      "last_name": "Zuckerberg",
      "date_of_birth": "20-May-1984",
      "gender": "Male",
      "email_id": "mark@facebook.com",
      "mobile_no": 8768978654,
      "country": "Australia",
      "date_of_travel": "12-11-2019",
      "seat_no": "NA",
      "travel_document": "passport",
      "wheelChair": "NA",
      "seatType": "NA",
      "flightNo": "101",
      "checkedIn": false,
      "special_services": "ExtraSeat",
      "status": "NC",
      "infant": "Yes"
    },
    {
      "id": 17,
      "first_name": "Mark",
      "last_name": "Zuckerberg",
      "date_of_birth": "20-May-1984",
      "gender": "Male",
      "email_id": "mark@facebook.com",
      "mobile_no": 8768978654,
      "country": "Australia",
      "date_of_travel": "12-11-2019",
      "seat_no": "NA",
      "travel_document": "passport",
      "wheelChair": "Yes",
      "seatType": "NA",
      "flightNo": "101",
      "checkedIn": false,
      "special_services": "Seat change",
      "status": "NC",
      "infant": "No"
    },
    {
      "id": 18,
      "first_name": "Mark",
      "last_name": "Zuckerberg",
      "date_of_birth": "20-May-1984",
      "gender": "Male",
      "email_id": "mark@facebook.com",
      "mobile_no": 8768978654,
      "country": "Australia",
      "date_of_travel": "12-11-2019",
      "seat_no": "NA",
      "travel_document": "passport",
      "wheelChair": "No",
      "seatType": "normal",
      "flightNo": "101",
      "checkedIn": false,
      "special_services": "Seat change",
      "status": "NC"
    },
    {
      "id": 19,
      "first_name": "Mark",
      "last_name": "Zuckerberg",
      "date_of_birth": "20-May-1984",
      "gender": "Male",
      "email_id": "mark@facebook.com",
      "mobile_no": 8768978654,
      "country": "Australia",
      "date_of_travel": "12-11-2019",
      "seat_no": "NA",
      "travel_document": "passport",
      "wheelChair": "No",
      "seatType": "NA",
      "flightNo": "101",
      "checkedIn": false,
      "special_services": "Medical Facility",
      "status": "NC"
    },
    {
      "id": 20,
      "first_name": "Mark",
      "last_name": "Zuckerberg",
      "date_of_birth": "20-May-1984",
      "gender": "Male",
      "email_id": "mark@facebook.com",
      "mobile_no": 8768978654,
      "country": "Australia",
      "date_of_travel": "12-11-2019",
      "seat_no": "NA",
      "travel_document": "passport",
      "wheelChair": "No",
      "seatType": "NA",
      "flightNo": "101",
      "checkedIn": false,
      "special_services": "No SpecialService",
      "status": "NC"
    },
    {
      "id": 21,
      "first_name": "Mark",
      "last_name": "Zuckerberg",
      "date_of_birth": "20-May-1984",
      "gender": "Male",
      "email_id": "mark@facebook.com",
      "mobile_no": 8768978654,
      "country": "Australia",
      "date_of_travel": "12-11-2019",
      "seat_no": "NA",
      "travel_document": "aadhar",
      "wheelChair": "No",
      "seatType": "NA",
      "flightNo": "103",
      "checkedIn": false,
      "special_services": "Beer",
      "status": "NC"
    },
    {
      "id": 22,
      "first_name": "Mark",
      "last_name": "Zuckerberg",
      "date_of_birth": "20-May-1984",
      "gender": "Male",
      "email_id": "mark@facebook.com",
      "mobile_no": 8768978654,
      "country": "Australia",
      "date_of_travel": "12-11-2019",
      "seat_no": "NA",
      "travel_document": "aadhar",
      "wheelChair": "No",
      "seatType": "NA",
      "flightNo": "103",
      "checkedIn": false,
      "special_services": "Veg meals",
      "status": "NC"
    },
    {
      "id": 23,
      "first_name": "Mark",
      "last_name": "Zuckerberg",
      "date_of_birth": "20-May-1984",
      "gender": "Male",
      "email_id": "mark@facebook.com",
      "mobile_no": 8768978654,
      "country": "Australia",
      "date_of_travel": "12-11-2019",
      "seat_no": "NA",
      "travel_document": "aadhar",
      "wheelChair": "No",
      "seatType": "NA",
      "flightNo": "103",
      "checkedIn": false,
      "special_services": "No SpecialService",
      "status": "NC"
    },
    {
      "id": 24,
      "first_name": "Mark",
      "last_name": "Zuckerberg",
      "date_of_birth": "20-May-1984",
      "gender": "Male",
      "email_id": "mark@facebook.com",
      "mobile_no": 8768978654,
      "country": "Australia",
      "date_of_travel": "12-11-2019",
      "seat_no": "NA",
      "travel_document": "aadhar",
      "wheelChair": "No",
      "seatType": "NA",
      "flightNo": "103",
      "checkedIn": false,
      "special_services": "Non-veg meals",
      "status": "NC"
    },
    {
      "id": 25,
      "first_name": "Mark",
      "last_name": "Zuckerberg",
      "date_of_birth": "20-May-1984",
      "gender": "Male",
      "email_id": "mark@facebook.com",
      "mobile_no": 8768978654,
      "country": "Australia",
      "date_of_travel": "12-11-2019",
      "seat_no": "NA",
      "travel_document": "aadhar",
      "wheelChair": "No",
      "seatType": "NA",
      "flightNo": "103",
      "checkedIn": false,
      "special_services": "Seat change",
      "status": "NC"
    },
    {
      "id": 26,
      "first_name": "Mark",
      "last_name": "Zuckerberg",
      "date_of_birth": "20-May-1984",
      "gender": "Male",
      "email_id": "mark@facebook.com",
      "mobile_no": 8768978654,
      "country": "Australia",
      "date_of_travel": "12-11-2019",
      "seat_no": "NA",
      "travel_document": "aadhar",
      "wheelChair": "No",
      "seatType": "NA",
      "flightNo": "103",
      "checkedIn": false,
      "special_services": "No SpecialService",
      "status": "NC"
    },
    {
      "id": 27,
      "first_name": "Mark",
      "last_name": "Zuckerberg",
      "date_of_birth": "20-May-1984",
      "gender": "Male",
      "email_id": "mark@facebook.com",
      "mobile_no": 8768978654,
      "country": "Australia",
      "date_of_travel": "12-11-2019",
      "seat_no": "NA",
      "travel_document": "aadhar",
      "wheelChair": "No",
      "seatType": "NA",
      "flightNo": "103",
      "checkedIn": false,
      "special_services": "Seat change",
      "status": "NC"
    },
    {
      "id": 28,
      "first_name": "Mark",
      "last_name": "Zuckerberg",
      "date_of_birth": "20-May-1984",
      "gender": "Male",
      "email_id": "mark@facebook.com",
      "mobile_no": 8768978654,
      "country": "Australia",
      "date_of_travel": "12-11-2019",
      "seat_no": "NA",
      "travel_document": "aadhar",
      "wheelChair": "No",
      "seatType": "NA",
      "flightNo": "103",
      "checkedIn": false,
      "special_services": "Medical Facility",
      "status": "NC"
    },
    {
      "id": 29,
      "first_name": "Mark",
      "last_name": "Zuckerberg",
      "date_of_birth": "20-May-1984",
      "gender": "Male",
      "email_id": "mark@facebook.com",
      "mobile_no": 8768978654,
      "country": "Australia",
      "date_of_travel": "12-11-2019",
      "seat_no": "NA",
      "travel_document": "aadhar",
      "wheelChair": "No",
      "seatType": "NA",
      "flightNo": "103",
      "checkedIn": false,
      "special_services": "Seat change",
      "status": "NC"
    },
    {
      "id": 30,
      "first_name": "Mark",
      "last_name": "Zuckerberg",
      "date_of_birth": "20-May-1984",
      "gender": "Male",
      "email_id": "mark@facebook.com",
      "mobile_no": 8768978654,
      "country": "Australia",
      "date_of_travel": "12-11-2019",
      "seat_no": "NA",
      "travel_document": "aadhar",
      "wheelChair": "No",
      "seatType": "NA",
      "flightNo": "103",
      "checkedIn": false,
      "special_services": "Seat change",
      "status": "NC"
    },
    {
      "id": 31,
      "first_name": "Mark",
      "last_name": "Zuckerberg",
      "date_of_birth": "20-May-1984",
      "gender": "Male",
      "email_id": "mark@facebook.com",
      "mobile_no": 8768978654,
      "country": "Australia",
      "date_of_travel": "12-11-2019",
      "seat_no": "NA",
      "travel_document": "aadhar",
      "wheelChair": "No",
      "seatType": "NA",
      "flightNo": "100",
      "checkedIn": false,
      "special_services": "No SpecialService",
      "status": "NC"
    },
    {
      "id": 32,
      "first_name": "Mark",
      "last_name": "Zuckerberg",
      "date_of_birth": "20-May-1984",
      "gender": "Male",
      "email_id": "mark@facebook.com",
      "mobile_no": 8768978654,
      "country": "Australia",
      "date_of_travel": "12-11-2019",
      "seat_no": "NA",
      "travel_document": "passport",
      "wheelChair": "No",
      "seatType": "NA",
      "flightNo": "100",
      "checkedIn": false,
      "special_services": "Seat change",
      "document_Number": 674343216386782,
      "status": "NC"
    },
    {
      "id": 33,
      "first_name": "Mark",
      "last_name": "Zuckerberg",
      "date_of_birth": "20-May-1984",
      "gender": "Male",
      "email_id": "mark@facebook.com",
      "mobile_no": 8768978654,
      "country": "Australia",
      "date_of_travel": "12-11-2019",
      "seat_no": "NA",
      "travel_document": "aadhar",
      "wheelChair": "No",
      "seatType": "NA",
      "flightNo": "100",
      "checkedIn": false,
      "special_services": "No SpecialService",
      "status": "NC"
    },
    {
      "id": 34,
      "first_name": "Mark",
      "last_name": "Zuckerberg",
      "date_of_birth": "20-May-1984",
      "gender": "Male",
      "email_id": "mark@facebook.com",
      "mobile_no": 8768978654,
      "country": "Australia",
      "date_of_travel": "12-11-2019",
      "seat_no": "NA",
      "travel_document": "aadhar",
      "wheelChair": "No",
      "seatType": "NA",
      "flightNo": "100",
      "checkedIn": false,
      "special_services": "ChickenSoup",
      "status": "NC"
    },
    {
      "id": 35,
      "first_name": "Mark",
      "last_name": "Zuckerberg",
      "date_of_birth": "20-May-1984",
      "gender": "Male",
      "email_id": "mark@facebook.com",
      "mobile_no": 8768978654,
      "country": "Australia",
      "date_of_travel": "12-11-2019",
      "seat_no": "NA",
      "travel_document": "aadhar",
      "wheelChair": "No",
      "seatType": "NA",
      "flightNo": "100",
      "checkedIn": false,
      "special_services": "SeatChange",
      "status": "NC"
    },
    {
      "id": 36,
      "first_name": "Mark",
      "last_name": "Zuckerberg",
      "date_of_birth": "20-May-1984",
      "gender": "Male",
      "email_id": "mark@facebook.com",
      "mobile_no": 8768978654,
      "country": "Australia",
      "date_of_travel": "12-11-2019",
      "seat_no": "NA",
      "travel_document": "passport",
      "wheelChair": "No",
      "seatType": "NA",
      "flightNo": "100",
      "checkedIn": false,
      "special_services": "Window seat",
      "document_Number": 804343216386782,
      "status": "NC"
    },
    {
      "id": 37,
      "first_name": "Mark",
      "last_name": "Zuckerberg",
      "date_of_birth": "20-May-1984",
      "gender": "Male",
      "email_id": "mark@facebook.com",
      "mobile_no": 8768978654,
      "country": "Australia",
      "date_of_travel": "12-11-2019",
      "seat_no": "NA",
      "travel_document": "aadhar",
      "wheelChair": "No",
      "seatType": "NA",
      "flightNo": "100",
      "checkedIn": false,
      "special_services": "Cold coffee",
      "status": "NC"
    },
    {
      "id": 38,
      "first_name": "Mark",
      "last_name": "Zuckerberg",
      "date_of_birth": "20-May-1984",
      "gender": "Male",
      "email_id": "mark@facebook.com",
      "mobile_no": 8768978654,
      "country": "Australia",
      "date_of_travel": "12-11-2019",
      "seat_no": "NA",
      "travel_document": "aadhar",
      "wheelChair": "No",
      "seatType": "NA",
      "flightNo": "100",
      "checkedIn": false,
      "special_services": "Extra seat",
      "status": "NC"
    },
    {
      "id": 39,
      "first_name": "change",
      "last_name": "Zuckerberg",
      "date_of_birth": "20-May-1984",
      "gender": "Male",
      "email_id": "mark@facebook.com",
      "mobile_no": 8768978654,
      "country": "Australia",
      "date_of_travel": "12-11-2019",
      "seat_no": "1B",
      "travel_document": "aadhar",
      "wheelChair": "No",
      "seatType": "normal",
      "flightNo": "100",
      "checkedIn": true,
      "special_services": "Cold coffee",
      "status": "NC"
    },
    {
      "id": 40,
      "first_name": "preethi",
      "last_name": "Zuckerberg",
      "date_of_birth": "20-May-1984",
      "gender": "Male",
      "email_id": "mark@facebook.com",
      "mobile_no": 8768978654,
      "country": "Australia",
      "date_of_travel": "12-11-2019",
      "seat_no": "NA",
      "travel_document": "passport",
      "wheelChair": "No",
      "seatType": "NA",
      "flightNo": "100",
      "checkedIn": false,
      "special_services": "Cold coffee",
      "document_Number": 334343216386782,
      "status": "NC"
    },
    {
      "id": 41,
      "first_name": "Mark",
      "last_name": "Zuckerberg",
      "date_of_birth": "20-May-1984",
      "gender": "Male",
      "email_id": "mark@facebook.com",
      "mobile_no": 8768978654,
      "country": "Australia",
      "date_of_travel": "12-11-2019",
      "seat_no": "NA",
      "travel_document": "aadhar",
      "wheelChair": "No",
      "seatType": "NA",
      "flightNo": "101",
      "checkedIn": false,
      "special_services": "No SpecialService",
      "status": "NC"
    },
    {
      "id": 42,
      "first_name": "Mark",
      "last_name": "Zuckerberg",
      "date_of_birth": "20-May-1984",
      "gender": "Male",
      "email_id": "mark@facebook.com",
      "mobile_no": 8768978654,
      "country": "Australia",
      "date_of_travel": "12-11-2019",
      "seat_no": "NA",
      "travel_document": "aadhar",
      "wheelChair": "No",
      "seatType": "NA",
      "flightNo": "101",
      "checkedIn": false,
      "special_services": "Veg meals",
      "status": "NC"
    },
    {
      "id": 43,
      "first_name": "Mark",
      "last_name": "Zuckerberg",
      "date_of_birth": "20-May-1984",
      "gender": "Male",
      "email_id": "mark@facebook.com",
      "mobile_no": 8768978654,
      "country": "Australia",
      "date_of_travel": "12-11-2019",
      "seat_no": "NA",
      "travel_document": "aadhar",
      "wheelChair": "No",
      "seatType": "NA",
      "flightNo": "101",
      "checkedIn": false,
      "special_services": "No SpecialService",
      "status": "NC"
    },
    {
      "id": 44,
      "first_name": "Mark",
      "last_name": "Zuckerberg",
      "date_of_birth": "20-May-1984",
      "gender": "Male",
      "email_id": "mark@facebook.com",
      "mobile_no": 8768978654,
      "country": "Australia",
      "date_of_travel": "12-11-2019",
      "seat_no": "NA",
      "travel_document": "aadhar",
      "wheelChair": "No",
      "seatType": "NA",
      "flightNo": "101",
      "checkedIn": false,
      "special_services": "beer",
      "status": "NC"
    },
    {
      "id": 45,
      "first_name": "Mark",
      "last_name": "Zuckerberg",
      "date_of_birth": "20-May-1984",
      "gender": "Male",
      "email_id": "mark@facebook.com",
      "mobile_no": 8768978654,
      "country": "Australia",
      "date_of_travel": "12-11-2019",
      "seat_no": "NA",
      "travel_document": "aadhar",
      "wheelChair": "No",
      "seatType": "NA",
      "flightNo": "101",
      "checkedIn": false,
      "special_services": "No SpecialService",
      "status": "NC"
    },
    {
      "id": 46,
      "first_name": "Mark",
      "last_name": "Zuckerberg",
      "date_of_birth": "20-May-1984",
      "gender": "Male",
      "email_id": "mark@facebook.com",
      "mobile_no": 8768978654,
      "country": "Australia",
      "date_of_travel": "12-11-2019",
      "seat_no": "NA",
      "travel_document": "aadhar",
      "wheelChair": "No",
      "seatType": "NA",
      "flightNo": "101",
      "checkedIn": false,
      "special_services": "No SpecialService",
      "status": "NC"
    },
    {
      "id": 47,
      "first_name": "Mark",
      "last_name": "Zuckerberg",
      "date_of_birth": "20-May-1984",
      "gender": "Male",
      "email_id": "mark@facebook.com",
      "mobile_no": 8768978654,
      "country": "Australia",
      "date_of_travel": "12-11-2019",
      "seat_no": "NA",
      "travel_document": "aadhar",
      "wheelChair": "No",
      "seatType": "NA",
      "flightNo": "101",
      "checkedIn": false,
      "special_services": "wheel chair",
      "status": "NC"
    },
    {
      "id": 48,
      "first_name": "Mark",
      "last_name": "Zuckerberg",
      "date_of_birth": "20-May-1984",
      "gender": "Male",
      "email_id": "mark@facebook.com",
      "mobile_no": 8768978654,
      "country": "Australia",
      "date_of_travel": "12-11-2019",
      "seat_no": "NA",
      "travel_document": "aadhar",
      "wheelChair": "No",
      "seatType": "NA",
      "flightNo": "101",
      "checkedIn": false,
      "special_services": "Seat change",
      "status": "NC"
    },
    {
      "id": 49,
      "first_name": "Mark",
      "last_name": "Zuckerberg",
      "date_of_birth": "20-May-1984",
      "gender": "Male",
      "email_id": "mark@facebook.com",
      "mobile_no": 8768978654,
      "country": "Australia",
      "date_of_travel": "12-11-2019",
      "seat_no": "NA",
      "travel_document": "aadhar",
      "wheelChair": "No",
      "seatType": "NA",
      "flightNo": "101",
      "checkedIn": false,
      "special_services": "Medicine facility",
      "status": "NC"
    },
    {
      "id": 50,
      "first_name": "Mark",
      "last_name": "Zuckerberg",
      "date_of_birth": "20-May-1984",
      "gender": "Male",
      "email_id": "mark@facebook.com",
      "mobile_no": 8768978654,
      "country": "Australia",
      "date_of_travel": "12-11-2019",
      "seat_no": "NA",
      "travel_document": "aadhar",
      "wheelChair": "No",
      "seatType": "NA",
      "flightNo": "101",
      "checkedIn": false,
      "special_services": "No SpecialService",
      "status": "NC"
    },
    {
      "first_name": "Cheeku",
      "last_name": "Mishra",
      "gender": "Female",
      "date_of_birth": "07-09-1988",
      "country": "India",
      "adderss": "Test",
      "date_of_travel": "21-10-2020",
      "travel_document": "",
      "mobile_no": "1234556",
      "email_id": "test@gmail.com",
      "document_Number": "32124234",
      "flightNo": "100",
      "seat_no": "",
      "wheelChair": "",
      "infant": "",
      "status": "",
      "id": 51
    },
    {
      "first_name": "Testss",
      "last_name": "Mishra",
      "gender": "Male",
      "date_of_birth": "07-09-1988",
      "country": "Germany",
      "adderss": "",
      "date_of_travel": "25-12-2020",
      "travel_document": "Passport",
      "mobile_no": "1234556",
      "email_id": "test@gmail.com",
      "document_Number": "32124234",
      "flightNo": "100",
      "seat_no": "",
      "wheelChair": "No",
      "infant": "Yes",
      "status": "",
      "id": 52
    }
  ],
  "flightLists": [
    {
      "id": "1",
      "flightNo": "100",
      "airline": "G6",
      "departureStation": "SHJ",
      "arrivalStation": "DEL",
      "departureDate": "2020-11-29T23:30:00",
      "arrivalDate": "2020-11-29T23:30:00",
      "special_services": [
        "Window-seat",
        "Premium Seat"
      ],
      "special_meals": [
        "veg-meal",
        "Egg-Maggie",
        "Cold-Coffee",
        "Noodles",
        "Juice",
        "Burger"
      ],
      "bookedSeats": [
        "1A",
        "1B",
        "1C",
        "2A"
      ]
    },
    {
      "id": "2",
      "flightNo": "101",
      "airline": "AI",
      "departureStation": "SHJ",
      "arrivalStation": "DEL",
      "departureDate": "2019-11-29T23:30:00",
      "arrivalDate": "2019-11-29T23:30:00",
      "special_services": [
        "veg-meal/",
        "Egg-Maggie/",
        "Seat-Change"
      ],
      "special_meals": [
        "veg-meal",
        "Egg-Maggie",
        "Cold-Coffee"
      ],
      "bookedSeats": [
        "1A",
        "1B",
        "1C",
        "3A"
      ]
    },
    {
      "id": "3",
      "flightNo": "103",
      "airline": "J2",
      "departureStation": "HYD",
      "arrivalStation": "DEL",
      "departureDate": "2019-11-27T23:30:00",
      "arrivalDate": "2019-11-27T23:30:00",
      "special_services": [
        "Wheelchair,",
        "Cold Coffee",
        "hm"
      ],
      "special_meals": [
        "Chicken multigrain bread",
        "Paneer multigrain bread",
        "Dosa",
        "Gupchup"
      ],
      "bookedSeats": [
        "1A"
      ]
    }
  ],
  "PassportDetails": [
    {
      "id": 1,
      "firstname": "Bill",
      "lastName": "Gates",
      "type_Of_Travel": "international",
      "date_Of_Birth": "3-Aug-1967",
      "address": "road num-121,banjarahills",
      "type_Of_TravelDocument": "Passport",
      "document_Number": 324343216386782
    },
    {
      "id": 2,
      "firstName": "Mark",
      "lastName": "zuckerberg",
      "type-Of-Travel": "international",
      "date-Of-Birth": "3-Aug-1967",
      "address": "road num-121,banjarahills",
      "type-Of-TavelDocument": "Passport",
      "document-Number": 324343216386782
    },
    {
      "id": 3,
      "firstname": "priya",
      "lastName": "shetty",
      "type_Of_Travel": "international",
      "date_Of_Birth": "3-Aug-1967",
      "address": "road num-121,banjarahills",
      "type_Of_TravelDocument": "Passport",
      "document_Number": 324343216386782
    }
  ]
}